Autoras,Año de nacimiento,Lugar de nacimiento,Premio recibido,Primera publicación,Número de publicaciones,Editorial
Abbud Yolanda,0,Chihuahua,1,0,1,Tintanueva
Abenshushan Vivian,1972,Ciudad de México,0,2004,1,Tustquets
Acosta Alicia,1929,Chihuahua,0,2001,1,0
Aguilar Elvira,1964,Quintana Roo,0,1977,4,"Ayuntamiento de Quitana Roo, Suave Patria, Ficticia "
Aguilar Zéleny Sylvia,1973,Sonora,2,1999,4,"La voz de Sonora, Nitro, Instituto Sonorense de Cultura"
Aguirre González Elsa,1988,Chihuahua,1,2022,0,Anverso
Alba Pilar,1974,Zacatecas,0,2002,1,Instituto Zacatecano de la Ramón López Velarde
Alcocer Paula,1920,Guanajuato,0,2000,1,Secretaría de Cultura de Jalisco
Almazán de Pérez Barrera María Helena,0,0,0,1940,2,"Universidad de Guadalajara, Costa-Amic"
Alonso Odette,1964,Cuba,0,2006,2,"Universidad Veracruzana, Odisea"
Álvarez Griselda,1966,Jalisco,0,1966,1,Finisterre
Alvear Galindo Marcela,1963,0,0,1999,1,Universidad Autónoma Metropolitana
Amador Diana,0,0,0,2002,1,Praxis
Amor Guadalupe,1917,Ciudad de México,0,1959,1,Fondo de Cultura Económica
Ancira Lola,1987,Querétaro,1,2013,4,"Tierra Adentro, Paraiso Pérdido, Secretaría de Cultura del Estado de México"
Ángel Varinia del,1972,Ciudad de México,0,2000,1,"Mixcóatl, Endora"
Ángeles Alejandra,1988,Querétaro,0,2021,1,Fondo Blanco
Ángeles Guadalupe,1962,Hidalgo,0,1993,4,"Tierra Adentro, Mala Estrella, Consejo Estatal para la Cultura de Jalisco, Unidad editorial del Gobierno de Jalisco"
Anhalt Nedda G. de,1934,Cuba,0,1984,4,"Oásis, Incaro"
Apodaca Karel,1978,Sinaloa,0,2018,1,Instituto Sinaloense de Cultura
Arévalo Julieta,0,Ciudad de México,0,2013,1,Casa Editorial Abismos
Arévalo Osorio Marta,1930,Chiapas,0,1994,1,Universidad Autónoma de Chiapas
Argudín Yolanda,1945,Ciudad de México,0,1964,5,"La Gárgola, Federación Editorial Mexicana, Oásis"
Argueta González Selene,1985,Chiapas,0,2019,1,Ala Ediciones
Arias Olga,1923,Estado de México,0,1967,2,Comunicación Literaria de Autores
Arjona Arminé,1958,Chihuahua,0,2005,1,Al límite Editores
Armendariz Emma Teresa,1928,Ciudad de México,0,1980,1,Compañía General de Ediciones
Armengol Nuria,1955,San Luis Potosí,1,1991,1,Tierra Adentro
Armijo Daniela,1985,Samora,0,2022,1,Interior 403
Arredondo Inés,1928,Sinaloa,1,1965,4,"Era, Oásis, Joaquínb Mortiz"
Atala Alejandra,1966,Morelos,0,1997,1,Vid
Aun Crista,1971,Sinaloa,2,2018,2,Instituto Sinaloense de Cultura
Aveleyra-Sadowska Teresa,1920,Ciudad de México,0,1963,2,"Joaquín Mortiz, Costa-Amic"
Ávila Carmen,1981,Coahuila,2,2006,3,Instituto Coahuilense de Cultura
Avitia Ponce de León Susana,0,Chihuahua,1,1995,3,Universidad Autónoma de Chihuaha
Azcárate Leonor,1955,Ciudad de México,0,1982,1,La Máquina de Escribir
Azpíroz María Elena,1957,Ciudad de México,0,1981,2,"Oásis, Práctica de Vuelo"
Azuara Forcelledo Guadalupe,1962,San Luis Potosí,0,1996,1,Fondo Estatal para la Cultura y las Artes de Tabasco
Azuela María de los Dolores,0,0,0,1962,1,
Báez Carmen,1909,Michoacán,1,1957,1,Fondo de Cultura Económica
Baeza Laura,1988,Campeche,3,2012,4,"Simiente, Tierra Adentro, Paraíso Perdido, Páginas de Espuma"
Balestra Aguilar Bertha,1955,Ciudad de México,0,1996,1,Ayuntamiento de Metepec
Bali Rowena,1977,Morelos,0,2012,2,"Axial, Posdata"
Ballesteros Gabriela,1977,Ciudad de México,0,2011,3,Ediciones de Autor
Banda Farfán Raquel,1928,San Luis Potosí,0,1953,7,"Comaval, Andrea, Diana, Costa-Amic"
Barahona Rosaura,1942,Ciudad de México,0,1994,1,Castillo
Barajas Ramos Karla Gabriela,1982,Chiapas,0,2017,5,"La Tinta del Silencio, Surdavoz, BGR"
Barrera Reyna,1939,Ciudad de México,0,2017,1,Voces enTinta
Barrera Morales Laura,1987,Guanajuato,0,2020,1,"Secretaría de Gobierno del Estado de México, Instituto Estatal de la Cultura de Guanajuato"
Basich Ninah,1954,Jalisco,2,2008,3,"Instituto Sonorense de Cultura, Secretaría de Gobierno del Estado de México, Centro Toluqueño de Escritores, Benemérita Universidad Autónoma de Puebla"
Bátiz Zuk Martha Beatriz,1971,Ciudad de México,0,2000,4,"Castillo, Ariadna, Terranova, Exile"
Bautista Tayde,1971,Ciudad de México,1,2010,1,"Ficticia, Gobierno Municipal de Boca del Río"
Beltrán Rosa,1960,Ciudad de México,0,1986,3,"Secretaría de Educación Pública, Crea, Joaquín Mortiz, Aldos"
Beltrán Lechuga Rosa Emma,1957,Chihuahua,0,2019,1,Laripse
Bennets Esthela,0,Oaxaca,0,1993,2,"Cantera Verde, La Casa de la Cultura Oaxaqueña"
Bergua Grasa María Rosa,1923,España,0,2016,1,
Bermeo Laura G.,,Coahuila,0,1984,3,
Bermúdez María Elvira,1912,Durango,0,1951,6,"Federación Editorial Mexicana, Universidad Autónoma Metropolitana, Oásis, Universidad Veracruzana"
Bernal Alejandra,1972,Ciudad de México,1,2003,1,Tusquets
Bespalova Marina,1970,Rusia,0,1994,3,"Tierra Adentro, La Tinta de Alcatraz, Universidad Autónoma del Estado de México"
Best de Enciso Emma,0,,0,1938,2,"La Moderna, Cvltvra"
Beutelspacher Ethel,1939,Oaxaca,0,2002,3,"Universidad Autónoma de Chiapas, CONACULTA del Estado de Chiapas"
Blum Liliana,1974,Durango,2,2002,7,"Tierra Adentro, Jus, Voces de Barlovento, Páginas de Espuma, Instituto Tamaulipeco para la Cultura y las Artes"
Bojórquez Vertiz Daniela,1979,Ciudad de México,0,2006,3,"Ficticia, Instituto Mexiquense de Cultura, Tumbona Ediciones"
Bolio Cantarell de Peón Dolores,1880,Yucatán,0,1917,2,"Newman Brothers, Imprenta Mexicana"
Boullosa Carmen,1954,Ciudad de México,0,2007,1,Sexto Piso
Bowman Rebecca,1960,Estados Unidos,2,1990,7,Universidad Autónoma de Tamaulipas
Bravo Aydeé,1980,Puebla,0,2013,1,El Under Ediciones
Brozon Mónica,1970,Ciudad de México,0,1999,1,Instituto de Seguridad y Servicios Sociales de los Trabajadores del Estado
Buendía Maritza M.,1974,Zacatecas,2,2002,3,"Tierra Adentro, Textofilia"
Cabrales Ada,1977,Jalisco,0,2019,1,Atipical
Cabrera Fidela,0,0,0,1985,1,Oásis
Cabrera Yesenia,1996,Tlaxcala,1,2020,1,Paraíso Perdido
Cabrera Espinosa Claudia,1984,Ciudad de México,1,2019,2,"Universidad de Guadalajara, Eolas Ediciones"
Cáceres Laura Elena,1985,Tamauilitas,0,2011,2,0
Calleja Stephens Irma Leticia,0,Ciudada de México,0,2009,1,Centro Toluqueño de Escritores
Camacho Bibiana,1974,Ciudada de México,0,2010,3,"Jus, Almadía"
Camarillo y Roa de Pereyra María Enriqueta,1872,Vera Cruz,0,1921,4,"Biblioteca Nueva, Espasa-Calpe"
Campos Julieta,1932,Cuba,0,1968,1,Siglo XXI
Campos Sánchez Montserrath,1984,Guanajuato,0,2016,1,Ficticia
Camposeco Alejandra,0,Ciudad de México,0,1999,1,Tierra Adentro
Canales Lorea,1970,Ciudad de México,0,2019,1,Dharma Books
Candia Adriana,0,Chihuahua,0,2013,3,New Mexico State University
Cano Gordón Carmen,1940,Ciudad de México,0,1995,2,Edición de Autor
Caraza Xánath,0,0,1,2013,1,Mouthfeel Press
Carbajal Legarreta Alicia,0,0,0,1995,2,Mixcóatl
Cárdenas Erma,1945,Estados Unidos,0,1997,2,"Ex Libris, Textofilia"
Cárdenas Guadalupe,1932,Ciudad de México,0,1987,1,Instituto Mexiquense de Cultura
Careaga Delfina,1937,Ciudad de México,0,1975,3,"Samo, Gobierno del Estado de México, Fondo Editorial del Estado de México"
Carlos Elisa,1941,San Luis Potosí,0,1992,3,"Editorial Universitaria Potosina, Universidad Autónoma de San Luis Potosí, Ponciano Arriaga"
Carnés Luisa,1905,España,0,2017,1,Hoja de Lata Editorial
Carranza Juárez Charlotte,1961,Ciudad de México,1,2016,1,Alebrijez
Carrejo Aguirre Juana María,1918,Coahuila,0,1958,1,Asociación de Escritores y Periodistas de Saltillo
Carrillo Viridiana,0,Sonora,0,2020,2,Narrativa Punto Aparte
Carrillo Enid,1997,Hidalgo,1,2019,1,Gobierno del Estado de Hidalgo
Carrillo Collard Patricia,1972,Sinaloa,1,2018,2,"Ficticia, Textofilia"
Carrillo Gamboa Guadalupe,0,0,0,1983,1,Martín Casillas Editores
Casparius María,1943,Ciudad de México,0,1968,4,Talleres Gráfica de Occidente
Castañeda Suarí Judith,1975,Ciudad de México,4,2006,5,Instituto Cultural de Aguascalientes
Castellanos Rosario,1925,Ciudad de México,0,1960,3,"Universidad Veracruzana, Joaquín Mortiz, Era"
Castellanos Rosales Jade,,,,,,
Castillejos Silvia,,,,,,
Castillo Ana,,,,,,
Castillo Gil Evelina María,,,,,,
Castorena Nithia,,,,,,
Castro Gará,,,,,,
Castro Raquel,,,,,,
Castro Padilla Carolina,,,,,,
Ceh Moo Sol,,,,,,
Cendejas Josefina María,,,,,,
Ceniceros Fuertes Josefina,,,,,,
Cerda Dahlia de la,,,,,,
Cerda Martha,,,,,,
Cerecero María Elena,,,,,,
Cerón López Rosa Guadalupe,,,,,,
Cervantes Corte Ivonne,,,,,,
Chacek Karen,,,,,,
Chacón Rosana,,,,,,
Chacón Flora Isela,,,,,,
Cháirez Yuvia H.,,,,,,
Chapela Andrea,,,,,,
Chavelas López Astrid Paola,,,,,,
Chávez Arroyo Yolanda,,,,,,
Chávez Cano Marisol,,,,,,
Chavira Arelí,,,,,,
Ciria Andrea,,,,,,
Claro Canteros Angélica,,,,,,
Clavel Ana,,,,,,
Colín Maira,,,,,,
Colón Cecilia,,,,,,
Concha Cristina de la,,,,,,
Conde Gabriela,,,,,,
Conde Rosina,,,,,,
Contreras Nadia,,,,,,
Corcuera Susana,,,,,,
Córdova Aura Penélope,,,,,,
Correa Elma,,,,,,
Cristo Josefina,,,,,,
Crócker Martha,,,,,,
Cruz Atenea,,,,,,
Cruz Nora de la,,,,,,
Cuéllar Norma Yamille,,,,,,
Cuesy Silvia L.,,,,,,
Cuevas Dana,,,,,,
Cuevas Peña Guillermina,,,,,,
D'Arbel Gabriela,,,,,,
D'Santos Marisa,,,,,,
Dalmacia Cecilia,,,,,,
Dalton Margarita,,,,,,
Dávalos Pardo Irma,,,,,,
Dávila Celina,,,,,,
Dávila Amparo,,,,,,
Davis Estela,,,,,,
Deblock Lucía,,,,,,
del Río Virginia,,,,,,
Delgado Diana,,,,,,
Dey Teresa,,,,,,
Díaz Ilse,,,,,,
Díaz de León Martha,,,,,,
Díaz Enciso Adriana,,,,,,
Díaz Rivera Dolores,,,,,,
Díaz-Ortiz Alejandra,,,,,,
Dobarro Ainda,,,,,,
Dolujanoff Emma,,,,,,
Domecq Brianda,,,,,,
Domingo Claudina,,,,,,
Domínguez Mendoza Amelia,,,,,,
Dorantes Adriana,,,,,,
Dornbierer Manou,,,,,,
Guadalupe Dueñas,,,,,,
Elizondo Hortensia,,,,,,
Emilia Nora,,,,,,
Enríquez María,,,,,,
Enríquez Victoria,,,,,,
Eos Gabriela,,,,,,
Erreguerena María Luisa,,,,,,
Escalante Beatriz,,,,,,
España Graciela,,,,,,
España Macaria,,,,,,
Espejo Beatriz,,,,,,
Espinasa Yllades Tatiana,,,,,,
Espinosa Martha Aurora,,,,,,
Espinosa Martha,,,,,,
Espinoza Maricruz,,,,,,
Espinoza Rosa,,,,,,
Espriella Carmen Leticia,,,,,,
Estrada Josefina,,,,,,
Estrada Castañeda María Socorro,,,,,,
Eudave Cecilia,,,,,,
Favier Chantal,,,,,,
Fernández Alma Rosa,,,,,,
Fernández Adela,,,,,,
Fernández Castillón Amalia,,,,,,
Ferrer Citlali,,,,,,
Ferreyra Diana,,,,,,
Fierro Merari,,,,,,
Finol Zita,,,,,,
Fiscal María Rosa,,,,,,
Flores Malva,,,,,,
Flores Elizabeth,,,,,,
Flores Hilerio Dalina,,,,,,
Fonseca Gabriela,,,,,,
Fontanilles de Rueda Pilar,,,,,,
Francis Susana,,,,,,
Franco Azucena,,,,,,
Frenk-Westheim Mariana,,,,,,
Fresnillo Olga,,,,,,
Fuente Montes de Oca Ana,,,,,,
Fuentes Alejandra,,,,,,
Fuentes Carmen,,,,,,
Fuentesberain Úrsula,,,,,,
Gaitán Cortés María Guadalupe,,,,,,
Galaviz Betty,,,,,,
Galeana Benita,,,,,,
Gallardo Borges Nelly,,,,,,
Galván Trejo Lucy,,,,,,
Gámez Marisol,,,,,,
Gámez Romero Claudia,,,,,,
Gamiño Carmen,,,,,,
Gantús Fausta,,,,,,
García Clara Guadalupe,,,,,,
García María Victoria,,,,,,
García Esther M.,,,,,,
García Iris,,,,,,
García Bergua Ana,,,,,,
García Delgado Elpidia,,,,,,
García González Julieta,,,,,,
García Jolly Victoria,,,,,,
García Luna Mariana,,,,,,
García Rey Rocío,,,,,,
García Rodríguez Verónica,,,,,,
García Salinas María Fernanda,,,,,,
García Vázquez Jazmín,,,,,,
García Villarreal Alicia,,,,,,
Gargallo Francesca,,,,,,
Garibay Rubio Lourdes,,,,,,
Garma Estrella Ileana de Jesús,,,,,,
Garro Elena,,,,,,
Garza Quesada Lourdes,,,,,,
Gaxiola Patricia,,,,,,
Gerson Sara,,,,,,
Gil Sánchez Mariela,,,,,,
Glantz Margo,,,,,,
Godínez Margarita,,,,,,
Godoy Emma,,,,,,
Godoy Iliana,,,,,,
Gómez Mónica,,,,,,
Gómez Gray Alana,,,,,,
Gómez Mayorga Ana de,,,,,,
Gomís Anamari,,,,,,
González Paulina,,,,,,
González Dulce María,,,,,,
González Isa,,,,,,
González Zamara,,,,,,
González Aragón Ana Paula,,,,,,
González Basteris Pilar,,,,,,
González Blackaller Graciela,,,,,,
González Martínez Alejandra,,,,,,
González Mateos Adriana,,,,,,
González Matute Ana Rosa,,,,,,
Graf Beatriz,,,,,,
Granados Verónica,,,,,,
Grijalva Dina,,,,,,
Guerra Amalia,,,,,,
Guerrero Guadalupe,,,,,,
Guevara del Ángel Itzel,,,,,,
Guillén Claudia,,,,,,
Guillén Clara del Carmen,,,,,,
Gutiérrez Cristina,,,,,,
Gutiérrez Marisol,,,,,,
Gutiérrez Lucía Reyna,,,,,,
Gutiérrez Gris,,,,,,
Gutiérrez Didí,,,,,,
Guzmán Rosa Eugenia,,,,,,
Guzmán Daniela L.,,,,,,
Hadaza Débora,,,,,,
Harmony Olga,,,,,,
Haro Adriana,,,,,,
Hatfield Elia,,,,,,
Hernández Alejandra,,,,,,
Hernández Berenice,,,,,,
Hernández Iliana,,,,,,
Hernández Virginia,,,,,,
Hernández Jessica Anaid,,,,,,
Hernández Camargo Julieta,,,,,,
Hernández Reta Virginia,,,,,,
Hernández Rodríguez Ilallalí,,,,,,
Hernández Sadurní Laura,,,,,,
Herrera Marina,,,,,,
Herrera Bautista Elsa,,,,,,
Hidalgo María Luisa,,,,,,
Hiriart Berta,,,,,,
Hoyos Guzmán Raquel,,,,,,
Huacuja del Toro Malú,,,,,,
Huicochea Macarena,,,,,,
Ibáñez Iglesias Ulalume Sara,,,,,,
Inclán Alejandra,,,,,,
Inzunza Mayra,,,,,,
Iribe Zenil Mariel,,,,,,
Isita Georgina,,,,,,
Iturralde y Vargas Mayra,,,,,,
Izquierdo de Albiñana Asunción,,,,,,
Jacobs Bárbara,,,,,,
Jacobson Bertha,,,,,,
Jáuregui Gabriela,,,,,,
Jiménez Adriana,,,,,,
Jiménez Sara,,,,,,
Jiménez Guzmán Lilia,,,,,,
Jonguitud Paulette,,,,,,
Jufresa Laia,,,,,,
Kaiser Nuria,,,,,,
Krauze Ethel,,,,,,
Labrada Angélica,,,,,,
Lago Yhared,,,,,,
Laguarda Lourdes,,,,,,
Lama Ramírez Samantha Ivana,,,,,,
Lanz Irene G. de,,,,,,
Lastra Kassandra,,,,,,
Laurent Kullick Patricia,,,,,,
Lavín Mónica,,,,,,
Lazo Norma,,,,,,
León Alisma de,,,,,,
Leos Villasana Merari,,,,,,
Levy Elsa,,,,,,
Levy Vázquez Ruth,,,,,,
Leyva Virginia,,,,,,
Liceaga Elvira,,,,,,
Linares Palacios Laura,,,,,,
Llach Leonor,,,,,,
Lombardo de Caso María,,,,,,
López Magdalena,,,,,,
López Camberos Lilián,,,,,,
López de Llarena Elsa,,,,,,
López Gándara Angélica,,,,,,
López Herrejón Carolina,,,,,,
López Sosa Aída María,,,,,,
López Suárez Norma,,,,,,
López-Portillo Margarita,,,,,,
Lozano Brenda,,,,,,
Lugo Rocío Violeta R.,,,,,,
Luna Aída,,,,,,
Luna Mayra,,,,,,
Luna Carolina,,,,,,
Luna Rosa Luz de,,,,,,
Mabarak Magda,,,,,,
Macedo Odilón Carmen,,,,,,
Macías Marisabel,,,,,,
Madrigal Laura,,,,,,
Madrigal Elena,,,,,,
Magaña Cecilia,,,,,,
Magdaleno Marcela,,,,,,
Maldonado Leticia,,,,,,
Mancilla Alma,,,,,,
Mancilla Amador Angélica,,,,,,
Manero Mercedes,,,,,,
Manríquez Montoya Lucía,,,,,,
Mansour Mónica,,,,,,
Mantecón Guadalupe G. de,,,,,,
Manzano Lorel,,,,,,
Mares Alicia,,,,,,
Margalli Aglae,,,,,,
Márquez Velia,,,,,,
Martín de Álvarez Cristina,,,,,,
Martín del Campo Rosalía,,,,,,
Martínez Blanca,,,,,,
Martínez Rosario,,,,,,
Martínez Miriam Mabel,,,,,,
Martínez Ghada,,,,,,
Martínez Madeline,,,,,,
Martínez Casas Ana,,,,,,
Martínez de Castro M. Belén N.,,,,,,
Martínez Huchim Ana Patricia,,,,,,
Martínez Morón Nylsa,,,,,,
Martínez Ortega Judith,,,,,,
Martínez Robles María Teresa,,,,,,
Martínez Terán Teresa,,,,,,
Mastretta Ángeles,,,,,,
Mata Rebeca,,,,,,
Matías Rendón Ana,,,,,,
May Peña Lucila,,,,,,
May Peña María Lucila,,,,,,
Mecalco Azucena,,,,,,
Mejía Sandoval Verónica,,,,,,
Meléndez Granados Juana,,,,,,
Melero Pilar,,,,,,
Melo de Remes María Luisa,,,,,,
Méndez Elena,,,,,,
Méndez de Cuenca Laura,,,,,,
Mendieta Alatorre Ángeles,,,,,,
Mendoza María Luisa,,,,,,
Mendoza Álvarez María Elena,,,,,,
Mendoza Cano Lucía,,,,,,
Mendoza López Irma,,,,,,
Mendoza López Margarita,,,,,,
Mercado Sofía,,,,,,
Mergruen Érika,,,,,,
Merino María Eugenia,,,,,,
Meyer Beatriz,,,,,,
Meza María Cristina,,,,,,
Michel Inés M.,,,,,,
Molina Silvia,,,,,,
Moncayo Elena G.,,,,,,
Mondragón Adriana,,,,,,
Monserrat Magaly,,,,,,
Montaño Peralta Enriqueta,,,,,,
Montelongo Alejandra R.,,,,,,
Montelongo Olivia de,,,,,,
Monterrubio Amaranta,,,,,,
Montes de Oca Luz María,,,,,,
Montijo Irene,,,,,,
Morales Gemma,,,,,,
Morales Claudia,,,,,,
Morales Gasca Fabiola,,,,,,
Morales Grajales María Lourdes,,,,,,
Morales Pineda Nitzhui,,,,,,
Morán del Castillo Hilda,,,,,,
Moreno Hortensia,,,,,,
Moreno-Garcia Silvia,,,,,,
Mosqueda Raquel,,,,,,
Moya Luna Francisca,,,,,,
Muñiz-Huberman Angelina,,,,,,
Muñoz Teresa,,,,,,
Murguía Verónica,,,,,,
Murillo Alma Delia,,,,,,
Muro Marisol,,,,,,
Nájera María Esther,,,,,,
Natera Yolanda,,,,,,
Nava Clara,,,,,,
Nava de Ruisánchez Julia,,,,,,
Navagómez Queta,,,,,,
Nettel Guadalupe,,,,,,
Nissán Rosa,,,,,,
Noriega González Martha Beatriz,,,,,,
Nájera María Esther,,,,,,
Natera Yolanda,,,,,,
Nava Clara,,,,,,
Nava de Ruisánchez Julia,,,,,,
Navagómez Queta,,,,,,
Nettel Guadalupe,,,,,,
Nissán Rosa,,,,,,
Noriega González Martha Beatriz,,,,,,
O'Neill Carlota,,,,,,
Ocampo Cintya,,,,,,
Ochoa Rosa Margot,,,,,,
Ochoa Edna,,,,,,
Ochoa Sidharta,,,,,,
Ochoa Salud,,,,,,
Ochoa Sandoval Eglantina,,,,,,
Odio Eunice,,,,,,
Olaiz Amélie,,,,,,
Olalde Guadalupe,,,,,,
Olguín Fernanda,,,,,,
Olguín Mejía María Eugenia,,,,,,
Oliver Laura,,,,,,
Olivera Lagunes Xóchitl,,,,,,
Orli Magnolia,,,,,,
Oropeza Margarita,,,,,,
Orozco Sabina,,,,,,
Orozco Mora Rebeca,,,,,,
Ortega Marxitania,,,,,,
Ortega Ruiz María Elena,,,,,,
Ortiz Lorena,,,,,,
Ortiz Angulo Ana,,,,,,
Ortiz Encarnación Karla Patricia,,,,,,
Ortiz Espinoza Ángeles,,,,,,
Ortiz Marin María del Rosario,,,,,,
Ortuño de Aguiñaga María Esther,,,,,,
Osorio Lilia,,,,,,
Osorio Gumá Mariana,,,,,,
Ostrosky Jennie,,,,,,
Otero Corazón,,,,,,
Otero María Luisa,,,,,,
Oviedo Mota Rosalinda Susana,,,,,,
Pablos Cecilia,,,,,,
Pacheco Liana,,,,,,
Pacheco Martínez Ruth,,,,,,
Palacios Adela,,,,,,
Palacios Prado Mónica,,,,,,
Palacios Rojas Berónica,,,,,,
Paláu Rosy,,,,,,
Palau Teresa,,,,,,
Pando Marilú,,,,,,
Pantoja Libertad,,,,,,
Parada Martha,,,,,,
Pardo Edmée,,,,,,
Párraga de Bonales Eloísa,,,,,,
Pauwells Inga,,,,,,
Pazos Ana Laura,,,,,,
Pedroza Liliana,,,,,,
Pellerito Alma M.,,,,,,
Peña Margarita,,,,,,
Peña Gabriela de la,,,,,,
Perales Francia,,,,,,
Peralta Elda,,,,,,
Peraza Melly,,,,,,
Perches Gabriela del C.,,,,,,
Perdomo María Teresa,,,,,,
Peredo Ximena,,,,,,
Pérez Aguirre Ruth,,,,,,
Pérez de León María Herminia,,,,,,
Perezcano de Jiménez Arrillaga Josefina,,,,,,
Petrich Perla,,,,,,
Pettersson Aline,,,,,,
Pineda Adriana,,,,,,
Plata Tania,,,,,,
Plaza Dolores,,,,,,
Ponce de la Vega Tere,,,,,,
Poniatowska Elena,,,,,,
Pons Matilda,,,,,,
Posas Abril,,,,,,
Priego María Teresa,,,,,,
Prieto Marina M.,,,,,,
Puente Valdés Yolanda,,,,,,
Puga María Luisa,,,,,,
Puyhol Lénica,,,,,,
Quezada Silvia,,,,,,
Quinamor Talía E.,,,,,,
Quintanar Carla Patricia,,,,,,
Ramírez Concepción,,,,,,
Ramírez Katalina,,,,,,
Ramírez Sofía,,,,,,
Ramírez Martha J.,,,,,,
Ramírez García Selene Carolina,,,,,,
Ramírez Luna Diana,,,,,,
Ramírez Maldonado María Gabriela,,,,,,
Ramos Marcia,,,,,,
Ramos Domínguez Graciela,,,,,,
Rangel Matilde,,,,,,
Rangel Alejandra,,,,,,
Rascón Castro Cristina,,,,,,
Reina Claudia,,,,,,
Remus María Cristina,,,,,,
Rendón Leda,,,,,,
Rergis Mariana,,,,,,
Revueltas Eugenia,,,,,,
Reyes María Auxilio,,,,,,
Reyes Alicia,,,,,,
Reyes Sauri Josefina,,,,,,
Richkarday Patricia,,,,,,
Río Guadalupe del,,,,,,
Río Marcela del,,,,,,
Rivas Laura,,,,,,
Rivera Garza Cristina,,,,,,
Riveros Elizondo Gabriela,,,,,,
Robles Ana Alejandra,,,,,,
Robles Aragón Antonia,,,,,,
Robles Payán Patricia,,,,,,
Rocha Glafira,,,,,,
Rocha C. María Elena,,,,,,
Rodríguez Adriana Azucena,,,,,,
Rodríguez Aniela,,,,,,
Rodríguez Arango Alejandra,,,,,,
Rodríguez Guzmán Gayne,,,,,,
Rodríguez S. Patricia,,,,,,
Rodríguez Sifuentes Emma,,,,,,
Roffiel Rosamaría,,,,,,
Rogelio Ruíz Janeth Margarita,,,,,,
Rojas Nektli,,,,,,
Rojas Ávila Beatriz,,,,,,
Rojas Caballero Constanza,,,,,,
Rojas García Cecilia,,,,,,
Rojas Molina Josefa Isabel,,,,,,
Rojo Aleyda,,,,,,
Romano Hurtado Berenice,,,,,,
Romero Mara,,,,,,
Romero Chumacero Leticia,,,,,,
Romo García Ana Leticia,,,,,,
Rosado Nidia Esther,,,,,,
Rosana Curiel Defossé,,,,,,
Rosario Alpuche Martha Alejandra,,,,,,
Rosenzweig Carmen,,,,,,
Ross María Luisa,,,,,,
Rousseau Silvia,,,,,,
Rubioceja Yolanda,,,,,,
Rueda Emma,,,,,,
Rueda López Yeni,,,,,,
Ruiz Figueroa Isabel,,,,,,
Ruiz Rabasa Ximena,,,,,,
Ruiz Valdez Michelle,,,,,,
Ruvinskis Miriam,,,,,,
Saavedra Villanueva Ana,,,,,,
Salas Guadalupe,,,,,,
Salinas Gilda,,,,,,
Salum Rose Mary,,,,,,
Samaniego Muñoz Aída,,,,,,
Sánchez Escuer Mónica,,,,,,
Sandoval Alma Karla,,,,,,
Sanmiguel Rosario,,,,,,
Santa Cruz Amelia,,,,,,
Santa Olaya Angélica,,,,,,
Santiago Liliana,,,,,,
Santos María Cristina,,,,,,
Santoyo Pilar Vasthy,,,,,,
Sedano Teresa,,,,,,
Sedeño Livia,,,,,,
Seligson Esther,,,,,,
Sepúlveda Irma Sabina,,,,,,
Serrano Zaragoza Alejandra,,,,,,
Serrato Helena,,,,,,
Silva-Rosas Sonia,,,,,,
Solares Pineda Diana Violeta,,,,,,
Solea Ivana,,,,,,
Solís Bernarda,,,,,,
Solís Téllez Judith,,,,,,
Solórzano Elsa D.,,,,,,
Sosa Karla,,,,,,
Soto Cynthia,,,,,,
Soto Alanís Socorro,,,,,,
Soto Icaza Mónica,,,,,,
Suárez Amelia,,,,,,
Suckaer Ingrid,,,,,,
Swain Regina,,,,,,
Tallabas Moreno Blanca Estela,,,,,,
Tartakovski Malke,,,,,,
Tavarez Edith,,,,,,
Tejeda Daniela,,,,,,
Tejeda de Tamez Altaír,,,,,,
Téllez Vanessa,,,,,,
Téllez Artemisa,,,,,,
Téllez Trejo Araceli,,,,,,
Tena Paola,,,,,,
Terán Ana,,,,,,
Teroba Olivia,,,,,,
Terrés María Elodia,,,,,,
Tinoco Paola,,,,,,
Toranzo de Villoro María Luisa,,,,,,
Torres López Gabriela,,,,,,
Torres Olivares Gabriela,,,,,,
Torres Torres Martha Estela,,,,,,
Trejo Blanca Lydia,,,,,,
Trejo Sirvent Marisa,,,,,,
Trejo Sirvent Socorro,,,,,,
Trueba Alicia,,,,,,
Ulloa Alejandra,,,,,,
Urbano Victoria,,,,,,
Urueta Margarita,,,,,,
Valencia Tita,,,,,,
Valenzuela Torres Agustina,,,,,,
Varela Olga,,,,,,
Varela Montserrat,,,,,,
Varela Mercedes,,,,,,
Vargas Iliana,,,,,,
Vasconcelos de Ahumada María del Carmen,,,,,,
Vasconcelos de Berges Tina,,,,,,
Vázquez de la Torre Ana,,,,,,
Vega Mariana,,,,,,
Vega Cárdenas Sandra,,,,,,
Velasco María de Jesús,,,,,,
Velasco Vargas Magali,,,,,,
Velázquez Ayari,,,,,,
Velázquez Gabriela,,,,,,
Velázquez Gloria,,,,,,
Velázquez María,,,,,,
Venegas Socorro,,,,,,
Vera María Luisa,,,,,,
Vetra Valerie,,,,,,
Victoria Elisa,,,,,,
Vidrio Lola,,,,,,
Vieyra Aguayo Piedad,,,,,,
Viladevall Guasch Mireia,,,,,,
Vilalta Maruxa,,,,,,
Vilchis Rosario,,,,,,
Vilchis Baz Carmen,,,,,,
Villa Elizabeth,,,,,,
Villafuerte Nadia,,,,,,
Villagracia Leticia,,,,,,
Villanueva Estela,,,,,,
Villarreal Elena,,,,,,
Villarreal Navarro Cris,,,,,,
Villavicencio Edith,,,,,,
Villedazveytia Laura,,,,,,
Villoro Carmen,,,,,,
Viramontes Helena María,,,,,,
Vitalis Alma,,,,,,
Vivero Elizabeth,,,,,,
Vizcaíno Laura Elisa,,,,,,
Vogel Martha,,,,,,
Yépiz Ernestina,,,,,,
Ynclán Gabriela,,,,,,
Yolosóchil María,,,,,,
Zamora Blanca,,,,,,
Zamora Yolanda,,,,,,
Zavala Marionn,,,,,,
Zepeda Érika,,,,,,
Zerón Lina,,,,,,
Zúñiga Jaqueline,,,,,,
Zurita Sue,,,,,,